web-scraper-order,web-scraper-start-url,chiens_links,chiens_links-href,nom,prix,adresse,image_links-src
"1752456859-1","https://sn.coinafrique.com/categorie/moutons?page=3","Mouton Ladoum","https://sn.coinafrique.com/annonce/moutons/mouton-ladoum-4055594","Mouton Ladoum","300 000 CFA","Diourbel, Sénégal","https://images.coinafrique.com/thumb_5187810_uploaded_image1_1739676570.jpg"
"1752456862-2","https://sn.coinafrique.com/categorie/moutons?page=3","Mouton ladoum","https://sn.coinafrique.com/annonce/moutons/mouton-ladoum-4055616","Mouton ladoum","300 000 CFA","Diourbel, Sénégal","https://images.coinafrique.com/thumb_5187810_uploaded_image1_1739676570.jpg"
"1752456864-3","https://sn.coinafrique.com/categorie/moutons?page=3","Mouton  agnelle","https://sn.coinafrique.com/annonce/moutons/mouton-agnelle-4060011","Mouton  agnelle","350 000 CFA","Dakar, Sénégal","https://images.coinafrique.com/thumb_4060011_uploaded_image1_1674334569.jpg"
"1752456867-4","https://sn.coinafrique.com/categorie/moutons?page=3","Mouton femelle Ladoum","https://sn.coinafrique.com/annonce/moutons/mouton-femelle-ladoum-4061067","Mouton femelle Ladoum","Prix sur demande","Cambérène, Dakar, Sénégal","https://images.coinafrique.com/thumb_4061084_uploaded_image1_1674422780.jpg"
"1752456870-5","https://sn.coinafrique.com/categorie/moutons?page=3","Mouton ladoum","https://sn.coinafrique.com/annonce/moutons/mouton-ladoum-4061084","Mouton ladoum","Prix sur demande","Cambérène, Dakar, Sénégal","https://images.coinafrique.com/thumb_4061084_uploaded_image1_1674422780.jpg"
"1752456874-6","https://sn.coinafrique.com/categorie/moutons?page=3","Moutons","https://sn.coinafrique.com/annonce/moutons/moutons-4067794","Moutons","130 000 CFA","Pikine, Sénégal","https://images.coinafrique.com/thumb_5358627_uploaded_image1_1748961442.jpg"
"1752456877-7","https://sn.coinafrique.com/categorie/moutons?page=3","Moutons","https://sn.coinafrique.com/annonce/moutons/moutons-4069918","Moutons","120 000 CFA","Pikine, Sénégal","https://images.coinafrique.com/thumb_5358627_uploaded_image1_1748961442.jpg"
"1752456881-8","https://sn.coinafrique.com/categorie/moutons?page=3","Moutons","https://sn.coinafrique.com/annonce/moutons/moutons-4095794","Moutons","Prix sur demande","Keur Massar, Sénégal","https://images.coinafrique.com/thumb_5362037_uploaded_image1_1749137690.jpg"
"1752456885-9","https://sn.coinafrique.com/categorie/moutons?page=3","Moutons","https://sn.coinafrique.com/annonce/moutons/moutons-4100015","Moutons","150 000 CFA","Parcelle Assainies, Dakar, Sénégal","https://images.coinafrique.com/thumb_5348484_uploaded_image1_1748376667.jpg"
"1752456890-10","https://sn.coinafrique.com/categorie/moutons?page=3","Agnelle Ladoum","https://sn.coinafrique.com/annonce/moutons/agnelle-ladoum-4124306","Agnelle Ladoum","125 000 CFA","Mermoz-Sacré Coeur, Dakar, Sénégal","https://images.coinafrique.com/thumb_4141471_uploaded_image1_1679321283.jpg"
"1752456892-11","https://sn.coinafrique.com/categorie/moutons?page=3","Mouton femelle Ladoum","https://sn.coinafrique.com/annonce/moutons/mouton-femelle-ladoum-4127293","Mouton femelle Ladoum","400 000 CFA","HLM, Dakar, Sénégal","https://images.coinafrique.com/thumb_4127293_uploaded_image1_1678381991.jpg"
"1752456898-12","https://sn.coinafrique.com/categorie/moutons?page=3","Brebis","https://sn.coinafrique.com/annonce/moutons/brebis-4141471","Brebis","110 000 CFA","Mermoz-Sacré Coeur, Dakar, Sénégal","https://images.coinafrique.com/thumb_4175237_uploaded_image1_1681390037.jpg"
"1752456903-13","https://sn.coinafrique.com/categorie/moutons?page=3","Mouton ladoum","https://sn.coinafrique.com/annonce/moutons/mouton-ladoum-4143070","Mouton ladoum","500 000 CFA","Parcelle Assainies, Dakar, Sénégal","https://images.coinafrique.com/thumb_5144166_uploaded_image1_1737393386.jpg"
"1752456906-14","https://sn.coinafrique.com/categorie/moutons?page=3","Mouton Ladoum Azawatt","https://sn.coinafrique.com/annonce/moutons/mouton-ladoum-azawatt-4150287","Mouton Ladoum Azawatt","400 000 CFA","Grand Dakar, Dakar, Sénégal","https://images.coinafrique.com/thumb_4150287_uploaded_image1_1679880266.jpg"
"1752456909-15","https://sn.coinafrique.com/categorie/moutons?page=3","Mouton ladoum","https://sn.coinafrique.com/annonce/moutons/mouton-ladoum-4150306","Mouton ladoum","500 000 CFA","Grand Dakar, Dakar, Sénégal","https://images.coinafrique.com/thumb_4150306_uploaded_image1_1679880896.jpg"
"1752456911-16","https://sn.coinafrique.com/categorie/moutons?page=3","Mouton ladoum","https://sn.coinafrique.com/annonce/moutons/mouton-ladoum-4152006","Mouton ladoum","600 000 CFA","Louga, Sénégal","https://images.coinafrique.com/thumb_4198188_uploaded_image1_1683021884.jpg"
"1752456918-17","https://sn.coinafrique.com/categorie/moutons?page=3","Brebis","https://sn.coinafrique.com/annonce/moutons/brebis-4155201","Brebis","95 000 CFA","Mermoz-Sacré Coeur, Dakar, Sénégal","https://images.coinafrique.com/thumb_4175237_uploaded_image1_1681390037.jpg"
"1752456921-18","https://sn.coinafrique.com/categorie/moutons?page=3","Mouton Azawat","https://sn.coinafrique.com/annonce/moutons/mouton-azawat-4160771","Mouton Azawat","150 000 CFA","Parcelle Assainies, Dakar, Sénégal","https://images.coinafrique.com/thumb_4160771_uploaded_image1_1680528476.jpg"
"1752456924-19","https://sn.coinafrique.com/categorie/moutons?page=3","Mouton","https://sn.coinafrique.com/annonce/moutons/mouton-4169738","Mouton","Prix sur demande","Thies, Sénégal","https://images.coinafrique.com/thumb_5355058_uploaded_image1_1748800702.jpg"
"1752456927-20","https://sn.coinafrique.com/categorie/moutons?page=3","Brebis","https://sn.coinafrique.com/annonce/moutons/brebis-4175237","Brebis","75 000 CFA","Mermoz-Sacré Coeur, Dakar, Sénégal","https://images.coinafrique.com/thumb_4175237_uploaded_image1_1681390037.jpg"
"1752456932-21","https://sn.coinafrique.com/categorie/moutons?page=3","Moutons","https://sn.coinafrique.com/annonce/moutons/moutons-4177437","Moutons","Prix sur demande","Patte d'oie, Dakar, Sénégal","https://images.coinafrique.com/thumb_4202091_uploaded_image1_1683204935.jpg"
"1752456935-22","https://sn.coinafrique.com/categorie/moutons?page=3","Moutons","https://sn.coinafrique.com/annonce/moutons/moutons-4192844","Moutons","125 000 CFA","Pikine, Sénégal","https://images.coinafrique.com/thumb_5358627_uploaded_image1_1748961442.jpg"
"1752456939-23","https://sn.coinafrique.com/categorie/moutons?page=3","Mouton ladoum","https://sn.coinafrique.com/annonce/moutons/mouton-ladoum-4195346","Mouton ladoum","850 000 CFA","Almadies 2, Dakar, Sénégal","https://images.coinafrique.com/thumb_4195346_uploaded_image1_1682806636.jpg"
"1752456943-24","https://sn.coinafrique.com/categorie/moutons?page=3","Mouton","https://sn.coinafrique.com/annonce/moutons/mouton-4196101","Mouton","75 000 CFA","Mermoz-Sacré Coeur, Dakar, Sénégal","https://images.coinafrique.com/thumb_4252367_uploaded_image1_1686511140.jpg"
"1752456947-25","https://sn.coinafrique.com/categorie/moutons?page=3","Mouton","https://sn.coinafrique.com/annonce/moutons/mouton-4198188","Mouton","800 000 CFA","Louga, Sénégal","https://images.coinafrique.com/thumb_4264167_uploaded_image1_1687307074.jpg"
"1752456950-26","https://sn.coinafrique.com/categorie/moutons?page=3","Moutons","https://sn.coinafrique.com/annonce/moutons/moutons-4198569","Moutons","240 000 CFA","Biscuiterie, Dakar, Sénégal","https://images.coinafrique.com/thumb_5414666_uploaded_image1_1752063077.jpg"
"1752456955-27","https://sn.coinafrique.com/categorie/moutons?page=3","Mouton","https://sn.coinafrique.com/annonce/moutons/mouton-4198927","Mouton","150 000 CFA","Dakar, Sénégal","https://images.coinafrique.com/thumb_5344061_uploaded_image1_1748118408.jpg"
"1752456962-28","https://sn.coinafrique.com/categorie/moutons?page=3","Mouton","https://sn.coinafrique.com/annonce/moutons/mouton-4200797","Mouton","125 000 CFA","Dakar, Sénégal","https://images.coinafrique.com/thumb_5344061_uploaded_image1_1748118408.jpg"
"1752456964-29","https://sn.coinafrique.com/categorie/moutons?page=3","Moutons","https://sn.coinafrique.com/annonce/moutons/moutons-4202091","Moutons","Prix sur demande","Patte d'oie, Dakar, Sénégal","https://images.coinafrique.com/thumb_4202091_uploaded_image1_1683204935.jpg"
"1752456966-30","https://sn.coinafrique.com/categorie/moutons?page=3","Moutons","https://sn.coinafrique.com/annonce/moutons/moutons-4204058","Moutons","180 000 CFA","Matam, Sénégal","https://images.coinafrique.com/thumb_4204058_uploaded_image1_1683299567.jpg"
"1752456969-31","https://sn.coinafrique.com/categorie/moutons?page=3","Mouton","https://sn.coinafrique.com/annonce/moutons/mouton-4206601","Mouton","135 000 CFA","Pikine, Sénégal","https://images.coinafrique.com/thumb_5358627_uploaded_image1_1748961442.jpg"
"1752456972-32","https://sn.coinafrique.com/categorie/moutons?page=3","Mouton","https://sn.coinafrique.com/annonce/moutons/mouton-4211097","Mouton","270 000 CFA","Grand Yoff, Dakar, Sénégal","https://images.coinafrique.com/thumb_5349203_uploaded_image1_1748427888.jpg"
"1752456974-33","https://sn.coinafrique.com/categorie/moutons?page=3","Brebis","https://sn.coinafrique.com/annonce/moutons/brebis-4213425","Brebis","500 000 CFA","Dakar, Sénégal","https://images.coinafrique.com/thumb_4430520_uploaded_image1_1698276223.jpg"
"1752456977-34","https://sn.coinafrique.com/categorie/moutons?page=3","Mouton","https://sn.coinafrique.com/annonce/moutons/mouton-4220644","Mouton","Prix sur demande","Dakar, Sénégal","https://images.coinafrique.com/thumb_5344061_uploaded_image1_1748118408.jpg"
"1752456980-35","https://sn.coinafrique.com/categorie/moutons?page=3","Mouton","https://sn.coinafrique.com/annonce/moutons/mouton-4223482","Mouton","160 000 CFA","Dakar, Sénégal","https://images.coinafrique.com/thumb_5344061_uploaded_image1_1748118408.jpg"
"1752456982-36","https://sn.coinafrique.com/categorie/moutons?page=3","Mouton","https://sn.coinafrique.com/annonce/moutons/mouton-4223484","Mouton","160 000 CFA","Dakar, Sénégal","https://images.coinafrique.com/thumb_5344061_uploaded_image1_1748118408.jpg"
"1752456986-37","https://sn.coinafrique.com/categorie/moutons?page=3","Mouton","https://sn.coinafrique.com/annonce/moutons/mouton-4223486","Mouton","160 000 CFA","Dakar, Sénégal","https://images.coinafrique.com/thumb_5344061_uploaded_image1_1748118408.jpg"
"1752456989-38","https://sn.coinafrique.com/categorie/moutons?page=3","Mouton","https://sn.coinafrique.com/annonce/moutons/mouton-4223524","Mouton","97 000 CFA","Dakar, Sénégal","https://images.coinafrique.com/thumb_5344061_uploaded_image1_1748118408.jpg"
"1752456992-39","https://sn.coinafrique.com/categorie/moutons?page=3","Mouton","https://sn.coinafrique.com/annonce/moutons/mouton-4223526","Mouton","160 000 CFA","Dakar, Sénégal","https://images.coinafrique.com/thumb_5344061_uploaded_image1_1748118408.jpg"
"1752456995-40","https://sn.coinafrique.com/categorie/moutons?page=3","Mouton","https://sn.coinafrique.com/annonce/moutons/mouton-4226905","Mouton","260 000 CFA","Diamniadio, Sénégal","https://images.coinafrique.com/thumb_4258464_uploaded_image1_1686868865.jpg"
"1752456998-41","https://sn.coinafrique.com/categorie/moutons?page=3","Mouton","https://sn.coinafrique.com/annonce/moutons/mouton-4227161","Mouton","320 000 CFA","Guediawaye, Dakar, Sénégal","https://images.coinafrique.com/thumb_5349513_uploaded_image1_1748440101.jpg"
"1752457001-42","https://sn.coinafrique.com/categorie/moutons?page=3","Mouton","https://sn.coinafrique.com/annonce/moutons/mouton-4228460","Mouton","8 000 000 CFA","Louga, Sénégal","https://images.coinafrique.com/thumb_4264167_uploaded_image1_1687307074.jpg"
"1752457003-43","https://sn.coinafrique.com/categorie/moutons?page=3","Mouton","https://sn.coinafrique.com/annonce/moutons/mouton-4228472","Mouton","800 000 CFA","Louga, Sénégal","https://images.coinafrique.com/thumb_4264167_uploaded_image1_1687307074.jpg"
"1752457007-44","https://sn.coinafrique.com/categorie/moutons?page=3","Mouton","https://sn.coinafrique.com/annonce/moutons/mouton-4229136","Mouton","170 000 CFA","Ouest Foire, Dakar, Sénégal","https://images.coinafrique.com/thumb_4787368_uploaded_image1_1717940799.jpg"
"1752457009-45","https://sn.coinafrique.com/categorie/moutons?page=3","Moutons","https://sn.coinafrique.com/annonce/moutons/moutons-4231235","Moutons","Prix sur demande","Parcelle Assainies, Dakar, Sénégal","https://images.coinafrique.com/thumb_5348484_uploaded_image1_1748376667.jpg"
"1752457012-46","https://sn.coinafrique.com/categorie/moutons?page=3","Mouton","https://sn.coinafrique.com/annonce/moutons/mouton-4231286","Mouton","380 000 CFA","Fatick, Sénégal","https://images.coinafrique.com/thumb_4236443_uploaded_image1_1685486347.jpg"
"1752457015-47","https://sn.coinafrique.com/categorie/moutons?page=3","Mouton","https://sn.coinafrique.com/annonce/moutons/mouton-4236443","Mouton","500 000 CFA","Fatick, Sénégal","https://images.coinafrique.com/thumb_4236443_uploaded_image1_1685486347.jpg"
"1752457019-48","https://sn.coinafrique.com/categorie/moutons?page=3","Bélier","https://sn.coinafrique.com/annonce/moutons/belier-4237485","Bélier","Prix sur demande","Point E, Dakar, Sénégal","https://images.coinafrique.com/thumb_4237485_uploaded_image2_1685558172.jpeg"
"1752457022-49","https://sn.coinafrique.com/categorie/moutons?page=3","Mouton","https://sn.coinafrique.com/annonce/moutons/mouton-4237665","Mouton","450 000 CFA","Rufisque, Sénégal","https://images.coinafrique.com/thumb_5401936_uploaded_image1_1751443255.jpg"
"1752457024-50","https://sn.coinafrique.com/categorie/moutons?page=3","Mouton","https://sn.coinafrique.com/annonce/moutons/mouton-4242404","Mouton","250 CFA","Guediawaye, Dakar, Sénégal","https://images.coinafrique.com/thumb_5349513_uploaded_image1_1748440101.jpg"
"1752457030-51","https://sn.coinafrique.com/categorie/moutons?page=3","Moutons","https://sn.coinafrique.com/annonce/moutons/moutons-4242585","Moutons","350 000 CFA","Guediawaye, Dakar, Sénégal","https://images.coinafrique.com/thumb_5349513_uploaded_image1_1748440101.jpg"
"1752457033-52","https://sn.coinafrique.com/categorie/moutons?page=3","Mouton","https://sn.coinafrique.com/annonce/moutons/mouton-4247736","Mouton","Prix sur demande","Dakar, Sénégal","https://images.coinafrique.com/thumb_5344061_uploaded_image1_1748118408.jpg"
"1752457036-53","https://sn.coinafrique.com/categorie/moutons?page=3","Mouton","https://sn.coinafrique.com/annonce/moutons/mouton-4247740","Mouton","Prix sur demande","Dakar, Sénégal","https://images.coinafrique.com/thumb_5344061_uploaded_image1_1748118408.jpg"
"1752457039-54","https://sn.coinafrique.com/categorie/moutons?page=3","Mouton","https://sn.coinafrique.com/annonce/moutons/mouton-4247742","Mouton","Prix sur demande","Dakar, Sénégal","https://images.coinafrique.com/thumb_5344061_uploaded_image1_1748118408.jpg"
"1752457042-55","https://sn.coinafrique.com/categorie/moutons?page=3","Mouton","https://sn.coinafrique.com/annonce/moutons/mouton-4247744","Mouton","Prix sur demande","Dakar, Sénégal","https://images.coinafrique.com/thumb_5344061_uploaded_image1_1748118408.jpg"
"1752457045-56","https://sn.coinafrique.com/categorie/moutons?page=3","Mouton Azawat","https://sn.coinafrique.com/annonce/moutons/mouton-azawat-4248460","Mouton Azawat","400 000 CFA","Keur Massar, Sénégal","https://images.coinafrique.com/thumb_4265640_uploaded_image1_1687383347.jpg"
"1752457048-57","https://sn.coinafrique.com/categorie/moutons?page=3","Mouton","https://sn.coinafrique.com/annonce/moutons/mouton-4250864","Mouton","400 000 CFA","Mbao, Dakar, Sénégal","https://images.coinafrique.com/thumb_5334872_uploaded_image1_1747644353.jpg"
"1752457051-58","https://sn.coinafrique.com/categorie/moutons?page=3","Mouton","https://sn.coinafrique.com/annonce/moutons/mouton-4251926","Mouton","800 000 CFA","Louga, Sénégal","https://images.coinafrique.com/thumb_4264167_uploaded_image1_1687307074.jpg"
"1752457054-59","https://sn.coinafrique.com/categorie/moutons?page=3","Mouton","https://sn.coinafrique.com/annonce/moutons/mouton-4252068","Mouton","250 000 CFA","Colobane, Dakar, Sénégal","https://images.coinafrique.com/thumb_4252068_uploaded_image1_1686495864.jpg"
"1752457057-60","https://sn.coinafrique.com/categorie/moutons?page=3","Mouton Ladoum","https://sn.coinafrique.com/annonce/moutons/mouton-ladoum-4252367","Mouton Ladoum","400 000 CFA","Mermoz-Sacré Coeur, Dakar, Sénégal","https://images.coinafrique.com/thumb_4252367_uploaded_image1_1686511140.jpg"
"1752457060-61","https://sn.coinafrique.com/categorie/moutons?page=3","Bélier","https://sn.coinafrique.com/annonce/moutons/belier-4253138","Bélier","475 000 CFA","Louga, Sénégal","https://images.coinafrique.com/thumb_4253138_uploaded_image1_1686569913.jpg"
"1752457062-62","https://sn.coinafrique.com/categorie/moutons?page=3","Mouton azwat","https://sn.coinafrique.com/annonce/moutons/mouton-azwat-4256261","Mouton azwat","250 000 CFA","Keur Massar, Sénégal","https://images.coinafrique.com/thumb_4256261_uploaded_image1_1686746544.jpg"
"1752457065-63","https://sn.coinafrique.com/categorie/moutons?page=3","Mouton","https://sn.coinafrique.com/annonce/moutons/mouton-4257202","Mouton","13 000 CFA","Dakar, Sénégal","https://images.coinafrique.com/thumb_5344061_uploaded_image1_1748118408.jpg"
"1752457068-64","https://sn.coinafrique.com/categorie/moutons?page=3","Mouton","https://sn.coinafrique.com/annonce/moutons/mouton-4224488","Mouton","350 000 CFA","Mbao, Dakar, Sénégal","https://images.coinafrique.com/thumb_5334872_uploaded_image1_1747644353.jpg"
"1752457071-65","https://sn.coinafrique.com/categorie/moutons?page=3","Mouton","https://sn.coinafrique.com/annonce/moutons/mouton-4258464","Mouton","140 000 CFA","Diamniadio, Sénégal","https://images.coinafrique.com/thumb_4258464_uploaded_image1_1686868865.jpg"
"1752457074-66","https://sn.coinafrique.com/categorie/moutons?page=3","Mouton","https://sn.coinafrique.com/annonce/moutons/mouton-4259471","Mouton","135 000 CFA","Dakar, Sénégal","https://images.coinafrique.com/thumb_5344061_uploaded_image1_1748118408.jpg"
"1752457076-67","https://sn.coinafrique.com/categorie/moutons?page=3","Mouton","https://sn.coinafrique.com/annonce/moutons/mouton-4259601","Mouton","700 CFA","Louga, Sénégal","https://images.coinafrique.com/thumb_4264167_uploaded_image1_1687307074.jpg"
"1752457079-68","https://sn.coinafrique.com/categorie/moutons?page=3","Mouton","https://sn.coinafrique.com/annonce/moutons/mouton-4259620","Mouton","250 000 CFA","Ouest Foire, Dakar, Sénégal","https://images.coinafrique.com/thumb_4787368_uploaded_image1_1717940799.jpg"
"1752457082-69","https://sn.coinafrique.com/categorie/moutons?page=3","Mouron","https://sn.coinafrique.com/annonce/moutons/mouron-4260033","Mouron","400 000 CFA","Mermoz-Sacré Coeur, Dakar, Sénégal","https://images.coinafrique.com/thumb_4260033_uploaded_image1_1687006073.jpg"
"1752457084-70","https://sn.coinafrique.com/categorie/moutons?page=3","Mouton","https://sn.coinafrique.com/annonce/moutons/mouton-4260472","Mouton","115 000 CFA","Dakar, Sénégal","https://images.coinafrique.com/thumb_5344061_uploaded_image1_1748118408.jpg"
"1752457087-71","https://sn.coinafrique.com/categorie/moutons?page=3","Mouton","https://sn.coinafrique.com/annonce/moutons/mouton-4260583","Mouton","400 000 CFA","Mariste, Dakar, Sénégal","https://images.coinafrique.com/thumb_5331651_uploaded_image1_1747411805.jpg"
"1752457090-72","https://sn.coinafrique.com/categorie/moutons?page=3","Mouton","https://sn.coinafrique.com/annonce/moutons/mouton-4260735","Mouton","130 CFA","Dakar, Sénégal","https://images.coinafrique.com/thumb_5344061_uploaded_image1_1748118408.jpg"
"1752457093-73","https://sn.coinafrique.com/categorie/moutons?page=3","Mouton","https://sn.coinafrique.com/annonce/moutons/mouton-4261058","Mouton","Prix sur demande","Medina, Dakar, Sénégal","https://images.coinafrique.com/thumb_5334036_uploaded_image1_1747578346.jpg"
"1752457096-74","https://sn.coinafrique.com/categorie/moutons?page=3","Mouton","https://sn.coinafrique.com/annonce/moutons/mouton-4261323","Mouton","145 CFA","Diourbel, Sénégal","https://images.coinafrique.com/thumb_5187810_uploaded_image1_1739676570.jpg"
"1752457099-75","https://sn.coinafrique.com/categorie/moutons?page=3","Bélier","https://sn.coinafrique.com/annonce/moutons/belier-4261540","Bélier","500 000 CFA","Rufisque, Sénégal","https://images.coinafrique.com/thumb_4261540_uploaded_image1_1687133074.jpg"
"1752457102-76","https://sn.coinafrique.com/categorie/moutons?page=3","Mouton","https://sn.coinafrique.com/annonce/moutons/mouton-4263512","Mouton","350 000 CFA","Guediawaye, Dakar, Sénégal","https://images.coinafrique.com/thumb_5349513_uploaded_image1_1748440101.jpg"
"1752457104-77","https://sn.coinafrique.com/categorie/moutons?page=3","Mouton","https://sn.coinafrique.com/annonce/moutons/mouton-4264167","Mouton","Prix sur demande","Louga, Sénégal","https://images.coinafrique.com/thumb_4264167_uploaded_image1_1687307074.jpg"
"1752457108-78","https://sn.coinafrique.com/categorie/moutons?page=3","Mouton Azawat","https://sn.coinafrique.com/annonce/moutons/mouton-azawat-4265640","Mouton Azawat","400 000 CFA","Keur Massar, Sénégal","https://images.coinafrique.com/thumb_4265640_uploaded_image1_1687383347.jpg"
"1752457110-79","https://sn.coinafrique.com/categorie/moutons?page=3","Mouton","https://sn.coinafrique.com/annonce/moutons/mouton-4265763","Mouton","90 000 CFA","Dakar, Sénégal","https://images.coinafrique.com/thumb_5344061_uploaded_image1_1748118408.jpg"
"1752457113-80","https://sn.coinafrique.com/categorie/moutons?page=3","Mouton Ladoum","https://sn.coinafrique.com/annonce/moutons/mouton-ladoum-4265814","Mouton Ladoum","750 000 CFA","Biscuiterie, Dakar, Sénégal","https://images.coinafrique.com/thumb_5414666_uploaded_image1_1752063077.jpg"
"1752457116-81","https://sn.coinafrique.com/categorie/moutons?page=3","Mouton","https://sn.coinafrique.com/annonce/moutons/mouton-4266788","Mouton","850 000 CFA","Ouest Foire, Dakar, Sénégal","https://images.coinafrique.com/thumb_4787368_uploaded_image1_1717940799.jpg"
"1752457119-82","https://sn.coinafrique.com/categorie/moutons?page=3","Mouton ladoum","https://sn.coinafrique.com/annonce/moutons/mouton-ladoum-4266947","Mouton ladoum","320 000 CFA","Mariste, Dakar, Sénégal","https://images.coinafrique.com/thumb_4266947_uploaded_image1_1687456034.jpg"
"1752457122-83","https://sn.coinafrique.com/categorie/moutons?page=3","Mouton","https://sn.coinafrique.com/annonce/moutons/mouton-4267338","Mouton","250 000 CFA","Dakar, Sénégal","https://images.coinafrique.com/thumb_4267338_uploaded_image1_1687474078.jpg"
"1752457125-84","https://sn.coinafrique.com/categorie/moutons?page=3","Mouton","https://sn.coinafrique.com/annonce/moutons/mouton-4271944","Mouton","325 000 CFA","Saint Louis, Sénégal","https://images.coinafrique.com/thumb_4757844_uploaded_image1_1716459279.jpg"
"1752457131-85","https://sn.coinafrique.com/categorie/moutons?page=2","Moutons","https://sn.coinafrique.com/annonce/moutons/moutons-4272303","Moutons","Prix sur demande","Guediawaye, Dakar, Sénégal","https://images.coinafrique.com/thumb_5349513_uploaded_image1_1748440101.jpg"
"1752457134-86","https://sn.coinafrique.com/categorie/moutons?page=2","Mouton Tabaski","https://sn.coinafrique.com/annonce/moutons/mouton-tabaski-4272920","Mouton Tabaski","165 000 CFA","Keur Massar, Sénégal","https://images.coinafrique.com/thumb_5344147_uploaded_image1_1748126098.jpg"
"1752457137-87","https://sn.coinafrique.com/categorie/moutons?page=2","Mouton","https://sn.coinafrique.com/annonce/moutons/mouton-4273458","Mouton","235 000 CFA","Ouest Foire, Dakar, Sénégal","https://images.coinafrique.com/thumb_4787368_uploaded_image1_1717940799.jpg"
"1752457140-88","https://sn.coinafrique.com/categorie/moutons?page=2","Mouton","https://sn.coinafrique.com/annonce/moutons/mouton-4249782","Mouton","Prix sur demande","Pikine, Sénégal","https://images.coinafrique.com/thumb_5358627_uploaded_image1_1748961442.jpg"
"1752457144-89","https://sn.coinafrique.com/categorie/moutons?page=2","Mouton","https://sn.coinafrique.com/annonce/moutons/mouton-4277689","Mouton","420 000 CFA","Grand Yoff, Dakar, Sénégal","https://images.coinafrique.com/thumb_5349203_uploaded_image1_1748427888.jpg"
"1752457147-90","https://sn.coinafrique.com/categorie/moutons?page=2","Moutons","https://sn.coinafrique.com/annonce/moutons/moutons-4286897","Moutons","350 000 CFA","Keur Massar, Sénégal","https://images.coinafrique.com/thumb_5362037_uploaded_image1_1749137690.jpg"
"1752457150-91","https://sn.coinafrique.com/categorie/moutons?page=2","Mouton ladoum","https://sn.coinafrique.com/annonce/moutons/mouton-ladoum-4290166","Mouton ladoum","650 000 CFA","Keur Massar, Sénégal","https://images.coinafrique.com/thumb_5321660_uploaded_image1_1746897337.jpg"
"1752457152-92","https://sn.coinafrique.com/categorie/moutons?page=2","Mouton Ladoum","https://sn.coinafrique.com/annonce/moutons/mouton-ladoum-4295855","Mouton Ladoum","500 000 CFA","Kaffrine, Sénégal","https://images.coinafrique.com/thumb_4295855_uploaded_image1_1689444388.jpg"
"1752457155-93","https://sn.coinafrique.com/categorie/moutons?page=2","Mouton","https://sn.coinafrique.com/annonce/moutons/mouton-4263820","Mouton","295 CFA","Mbao, Dakar, Sénégal","https://images.coinafrique.com/thumb_5334872_uploaded_image1_1747644353.jpg"
"1752457158-94","https://sn.coinafrique.com/categorie/moutons?page=2","Mouton","https://sn.coinafrique.com/annonce/moutons/mouton-4263826","Mouton","265 000 CFA","Mbao, Dakar, Sénégal","https://images.coinafrique.com/thumb_5334872_uploaded_image1_1747644353.jpg"
"1752457160-95","https://sn.coinafrique.com/categorie/moutons?page=2","Mouton","https://sn.coinafrique.com/annonce/moutons/mouton-4263827","Mouton","250 000 CFA","Mbao, Dakar, Sénégal","https://images.coinafrique.com/thumb_5334872_uploaded_image1_1747644353.jpg"
"1752457163-96","https://sn.coinafrique.com/categorie/moutons?page=2","Mouton","https://sn.coinafrique.com/annonce/moutons/mouton-4296534","Mouton","350 000 CFA","Lac rose, Sénégal","https://images.coinafrique.com/thumb_4372450_uploaded_image1_1694450195.jpg"
"1752457167-97","https://sn.coinafrique.com/categorie/moutons?page=2","Brebis","https://sn.coinafrique.com/annonce/moutons/brebis-4312063","Brebis","Prix sur demande","Thies, Sénégal","https://images.coinafrique.com/thumb_4600147_uploaded_image1_1708304604.jpg"
"1752457170-98","https://sn.coinafrique.com/categorie/moutons?page=2","Brebis","https://sn.coinafrique.com/annonce/moutons/brebis-4324447","Brebis","160 000 CFA","Guediawaye, Dakar, Sénégal","https://images.coinafrique.com/thumb_4324447_uploaded_image1_1691332476.jpg"
"1752457173-99","https://sn.coinafrique.com/categorie/moutons?page=2","Mouton","https://sn.coinafrique.com/annonce/moutons/mouton-4324452","Mouton","300 000 CFA","Guediawaye, Dakar, Sénégal","https://images.coinafrique.com/thumb_5349513_uploaded_image1_1748440101.jpg"
"1752457175-100","https://sn.coinafrique.com/categorie/moutons?page=2","Mouton","https://sn.coinafrique.com/annonce/moutons/mouton-4331406","Mouton","650 000 CFA","Thies, Sénégal","https://images.coinafrique.com/thumb_5355058_uploaded_image1_1748800702.jpg"
"1752457178-101","https://sn.coinafrique.com/categorie/moutons?page=2","Mouton","https://sn.coinafrique.com/annonce/moutons/mouton-4332510","Mouton","135 000 CFA","Lac rose, Sénégal","https://images.coinafrique.com/thumb_4372450_uploaded_image1_1694450195.jpg"
"1752457181-102","https://sn.coinafrique.com/categorie/moutons?page=2","Mouton","https://sn.coinafrique.com/annonce/moutons/mouton-4372450","Mouton","250 000 CFA","Lac rose, Sénégal","https://images.coinafrique.com/thumb_4372450_uploaded_image1_1694450195.jpg"
"1752457184-103","https://sn.coinafrique.com/categorie/moutons?page=2","Femelle Ladoum","https://sn.coinafrique.com/annonce/moutons/femelle-ladoum-4384585","Femelle Ladoum","Prix sur demande","Keur Massar, Sénégal","https://images.coinafrique.com/thumb_5200965_uploaded_image1_1740410729.jpg"
"1752457187-104","https://sn.coinafrique.com/categorie/moutons?page=2","Mouton Brebis","https://sn.coinafrique.com/annonce/moutons/mouton-brebis-4423962","Mouton Brebis","700 000 CFA","Dakar, Sénégal","https://images.coinafrique.com/thumb_4423962_uploaded_image1_1697827433.jpg"
"1752457190-105","https://sn.coinafrique.com/categorie/moutons?page=2","Brebis","https://sn.coinafrique.com/annonce/moutons/brebis-4430520","Brebis","700 000 CFA","Dakar, Sénégal","https://images.coinafrique.com/thumb_4430520_uploaded_image1_1698276223.jpg"
"1752457193-106","https://sn.coinafrique.com/categorie/moutons?page=2","Femelle Ladoum","https://sn.coinafrique.com/annonce/moutons/femelle-ladoum-4437187","Femelle Ladoum","750 000 CFA","Mbao, Dakar, Sénégal","https://images.coinafrique.com/thumb_4969224_uploaded_image1_1727728741.jpg"
"1752457195-107","https://sn.coinafrique.com/categorie/moutons?page=2","Mouton","https://sn.coinafrique.com/annonce/moutons/mouton-4438670","Mouton","130 000 CFA","Guediawaye, Dakar, Sénégal","https://images.coinafrique.com/thumb_5349513_uploaded_image1_1748440101.jpg"
"1752457199-108","https://sn.coinafrique.com/categorie/moutons?page=2","Mouton Ladoum","https://sn.coinafrique.com/annonce/moutons/mouton-ladoum-4438677","Mouton Ladoum","300 CFA","Guediawaye, Dakar, Sénégal","https://images.coinafrique.com/thumb_5311454_uploaded_image1_1746381105.jpg"
"1752457201-109","https://sn.coinafrique.com/categorie/moutons?page=2","Mouton Ladoum","https://sn.coinafrique.com/annonce/moutons/mouton-ladoum-4438683","Mouton Ladoum","300 000 CFA","Guediawaye, Dakar, Sénégal","https://images.coinafrique.com/thumb_5311454_uploaded_image1_1746381105.jpg"
"1752457204-110","https://sn.coinafrique.com/categorie/moutons?page=2","Mouton Ladoum","https://sn.coinafrique.com/annonce/moutons/mouton-ladoum-4444713","Mouton Ladoum","1 000 000 CFA","Dieuppeul-Derklé, Dakar, Sénégal","https://images.coinafrique.com/thumb_4931367_uploaded_image1_1725633697.jpg"
"1752457208-111","https://sn.coinafrique.com/categorie/moutons?page=2","Mouton","https://sn.coinafrique.com/annonce/moutons/mouton-4449743","Mouton","Prix sur demande","Keur Massar, Sénégal","https://images.coinafrique.com/thumb_5362037_uploaded_image1_1749137690.jpg"
"1752457211-112","https://sn.coinafrique.com/categorie/moutons?page=2","Mouton Ladoum","https://sn.coinafrique.com/annonce/moutons/mouton-ladoum-4465409","Mouton Ladoum","300 000 CFA","Pikine, Sénégal","https://images.coinafrique.com/thumb_4465409_uploaded_image1_1700496107.jpg"
"1752457214-113","https://sn.coinafrique.com/categorie/moutons?page=2","Bélier","https://sn.coinafrique.com/annonce/moutons/belier-4484443","Bélier","160 000 CFA","Guediawaye, Dakar, Sénégal","https://images.coinafrique.com/thumb_5179070_uploaded_image1_1739194872.jpg"
"1752457218-114","https://sn.coinafrique.com/categorie/moutons?page=2","Moutons","https://sn.coinafrique.com/annonce/moutons/moutons-4501360","Moutons","500 000 CFA","Ouest Foire, Dakar, Sénégal","https://images.coinafrique.com/thumb_4787368_uploaded_image1_1717940799.jpg"
"1752457220-115","https://sn.coinafrique.com/categorie/moutons?page=2","Mouton","https://sn.coinafrique.com/annonce/moutons/mouton-4530463","Mouton","250 000 CFA","Thies, Sénégal","https://images.coinafrique.com/thumb_5355058_uploaded_image1_1748800702.jpg"
"1752457224-116","https://sn.coinafrique.com/categorie/moutons?page=2","Mouton","https://sn.coinafrique.com/annonce/moutons/mouton-4536120","Mouton","200 000 CFA","Guediawaye, Dakar, Sénégal","https://images.coinafrique.com/thumb_5349513_uploaded_image1_1748440101.jpg"
"1752457226-117","https://sn.coinafrique.com/categorie/moutons?page=2","Mouton Ladoum métisse","https://sn.coinafrique.com/annonce/moutons/mouton-ladoum-metisse-4574584","Mouton Ladoum métisse","175 000 CFA","Parcelle Assainies, Dakar, Sénégal","https://images.coinafrique.com/thumb_4574584_uploaded_image1_1706868441.jpg"
"1752457229-118","https://sn.coinafrique.com/categorie/moutons?page=2","Mouton  ladoum","https://sn.coinafrique.com/annonce/moutons/mouton-ladoum-4600147","Mouton  ladoum","750 000 CFA","Thies, Sénégal","https://images.coinafrique.com/thumb_5355058_uploaded_image1_1748800702.jpg"
"1752457232-119","https://sn.coinafrique.com/categorie/moutons?page=2","Moutons","https://sn.coinafrique.com/annonce/moutons/moutons-4634393","Moutons","Prix sur demande","Sicap Liberté, Dakar, Sénégal","https://images.coinafrique.com/thumb_5344575_uploaded_image1_1748175550.jpg"
"1752457235-120","https://sn.coinafrique.com/categorie/moutons?page=2","Mouton ladoum","https://sn.coinafrique.com/annonce/moutons/mouton-ladoum-4635646","Mouton ladoum","Prix sur demande","Dakar, Sénégal","https://images.coinafrique.com/thumb_4773721_uploaded_image1_1717238496.jpg"
"1752457238-121","https://sn.coinafrique.com/categorie/moutons?page=2","Mouton","https://sn.coinafrique.com/annonce/moutons/mouton-4666295","Mouton","200 000 CFA","Guediawaye, Dakar, Sénégal","https://images.coinafrique.com/thumb_5349513_uploaded_image1_1748440101.jpg"
"1752457242-122","https://sn.coinafrique.com/categorie/moutons?page=2","Mouton","https://sn.coinafrique.com/annonce/moutons/mouton-4671961","Mouton","250 CFA","Dakar, Sénégal","https://images.coinafrique.com/thumb_5344061_uploaded_image1_1748118408.jpg"
"1752457245-123","https://sn.coinafrique.com/categorie/moutons?page=2","Mouton","https://sn.coinafrique.com/annonce/moutons/mouton-4677640","Mouton","320 000 CFA","Mbao, Dakar, Sénégal","https://images.coinafrique.com/thumb_5334872_uploaded_image1_1747644353.jpg"
"1752457248-124","https://sn.coinafrique.com/categorie/moutons?page=2","Mouton tchadienne","https://sn.coinafrique.com/annonce/moutons/mouton-tchadienne-4678964","Mouton tchadienne","275 000 CFA","Guediawaye, Dakar, Sénégal","https://images.coinafrique.com/thumb_5349513_uploaded_image1_1748440101.jpg"
"1752457251-125","https://sn.coinafrique.com/categorie/moutons?page=2","Mouton soudanais","https://sn.coinafrique.com/annonce/moutons/mouton-soudanais-4678969","Mouton soudanais","385 000 CFA","Guediawaye, Dakar, Sénégal","https://images.coinafrique.com/thumb_4741635_uploaded_image1_1715623935.jpg"
"1752457253-126","https://sn.coinafrique.com/categorie/moutons?page=2","Mouton Ladoum","https://sn.coinafrique.com/annonce/moutons/mouton-ladoum-4703472","Mouton Ladoum","500 000 CFA","Dakar, Sénégal","https://images.coinafrique.com/thumb_4773721_uploaded_image1_1717238496.jpg"
"1752457256-127","https://sn.coinafrique.com/categorie/moutons?page=2","Mouton","https://sn.coinafrique.com/annonce/moutons/mouton-4703542","Mouton","350 000 CFA","Guediawaye, Dakar, Sénégal","https://images.coinafrique.com/thumb_5349513_uploaded_image1_1748440101.jpg"
"1752457259-128","https://sn.coinafrique.com/categorie/moutons?page=2","Mouton Ladoum","https://sn.coinafrique.com/annonce/moutons/mouton-ladoum-4705081","Mouton Ladoum","1 300 000 CFA","Thies, Sénégal","https://images.coinafrique.com/thumb_5355058_uploaded_image1_1748800702.jpg"
"1752457262-129","https://sn.coinafrique.com/categorie/moutons?page=2","Mouton Azawat","https://sn.coinafrique.com/annonce/moutons/mouton-azawat-4715180","Mouton Azawat","280 000 CFA","Guediawaye, Dakar, Sénégal","https://images.coinafrique.com/thumb_5234191_uploaded_image1_1742083080.jpg"
"1752457265-130","https://sn.coinafrique.com/categorie/moutons?page=2","Mouton","https://sn.coinafrique.com/annonce/moutons/mouton-4720592","Mouton","Prix sur demande","Dakar, Sénégal","https://images.coinafrique.com/thumb_5344061_uploaded_image1_1748118408.jpg"
"1752457269-131","https://sn.coinafrique.com/categorie/moutons?page=2","Mouton","https://sn.coinafrique.com/annonce/moutons/mouton-4721626","Mouton","220 000 CFA","Dakar, Sénégal","https://images.coinafrique.com/thumb_5344061_uploaded_image1_1748118408.jpg"
"1752457271-132","https://sn.coinafrique.com/categorie/moutons?page=2","Mouton","https://sn.coinafrique.com/annonce/moutons/mouton-4721636","Mouton","190 000 CFA","Dakar, Sénégal","https://images.coinafrique.com/thumb_5344061_uploaded_image1_1748118408.jpg"
"1752457275-133","https://sn.coinafrique.com/categorie/moutons?page=2","Mouton","https://sn.coinafrique.com/annonce/moutons/mouton-4680580","Mouton","Prix sur demande","Biscuiterie, Dakar, Sénégal","https://images.coinafrique.com/thumb_5414666_uploaded_image1_1752063077.jpg"
"1752457279-134","https://sn.coinafrique.com/categorie/moutons?page=2","Mouton","https://sn.coinafrique.com/annonce/moutons/mouton-4725585","Mouton","300 000 CFA","Guediawaye, Dakar, Sénégal","https://images.coinafrique.com/thumb_5349513_uploaded_image1_1748440101.jpg"
"1752457282-135","https://sn.coinafrique.com/categorie/moutons?page=2","Mouton","https://sn.coinafrique.com/annonce/moutons/mouton-4725589","Mouton","275 CFA","Guediawaye, Dakar, Sénégal","https://images.coinafrique.com/thumb_5349513_uploaded_image1_1748440101.jpg"
"1752457286-136","https://sn.coinafrique.com/categorie/moutons?page=2","Mouton","https://sn.coinafrique.com/annonce/moutons/mouton-4725591","Mouton","300 000 CFA","Guediawaye, Dakar, Sénégal","https://images.coinafrique.com/thumb_5349513_uploaded_image1_1748440101.jpg"
"1752457289-137","https://sn.coinafrique.com/categorie/moutons?page=2","Mouton Ladoum","https://sn.coinafrique.com/annonce/moutons/mouton-ladoum-4719240","Mouton Ladoum","Prix sur demande","Biscuiterie, Dakar, Sénégal","https://images.coinafrique.com/thumb_5414666_uploaded_image1_1752063077.jpg"
"1752457291-138","https://sn.coinafrique.com/categorie/moutons?page=2","Mouton","https://sn.coinafrique.com/annonce/moutons/mouton-4731309","Mouton","175 000 CFA","Dakar, Sénégal","https://images.coinafrique.com/thumb_5344061_uploaded_image1_1748118408.jpg"
"1752457296-139","https://sn.coinafrique.com/categorie/moutons?page=2","Mouton","https://sn.coinafrique.com/annonce/moutons/mouton-4735916","Mouton","350 000 CFA","Dakar, Sénégal","https://images.coinafrique.com/thumb_5344061_uploaded_image1_1748118408.jpg"
"1752457299-140","https://sn.coinafrique.com/categorie/moutons?page=2","Mouton","https://sn.coinafrique.com/annonce/moutons/mouton-4741635","Mouton","375 000 CFA","Guediawaye, Dakar, Sénégal","https://images.coinafrique.com/thumb_5349513_uploaded_image1_1748440101.jpg"
"1752457303-141","https://sn.coinafrique.com/categorie/moutons?page=2","Mouton","https://sn.coinafrique.com/annonce/moutons/mouton-4741757","Mouton","500 CFA","Mbao, Dakar, Sénégal","https://images.coinafrique.com/thumb_5334872_uploaded_image1_1747644353.jpg"
"1752457307-142","https://sn.coinafrique.com/categorie/moutons?page=2","Mouton","https://sn.coinafrique.com/annonce/moutons/mouton-4747250","Mouton","275 000 CFA","Sipres, Dakar, Sénégal","https://images.coinafrique.com/thumb_4747250_uploaded_image1_1715876701.jpg"
"1752457312-143","https://sn.coinafrique.com/categorie/moutons?page=2","Mouton","https://sn.coinafrique.com/annonce/moutons/mouton-4748231","Mouton","150 000 CFA","Diourbel, Sénégal","https://images.coinafrique.com/thumb_5187810_uploaded_image1_1739676570.jpg"
"1752457315-144","https://sn.coinafrique.com/categorie/moutons?page=2","Mouton","https://sn.coinafrique.com/annonce/moutons/mouton-4757844","Mouton","Prix sur demande","Saint Louis, Sénégal","https://images.coinafrique.com/thumb_4757844_uploaded_image1_1716459279.jpg"
"1752457318-145","https://sn.coinafrique.com/categorie/moutons?page=2","Mouton","https://sn.coinafrique.com/annonce/moutons/mouton-4766880","Mouton","300 000 CFA","Guediawaye, Dakar, Sénégal","https://images.coinafrique.com/thumb_5349513_uploaded_image1_1748440101.jpg"
"1752457322-146","https://sn.coinafrique.com/categorie/moutons?page=2","Mouton","https://sn.coinafrique.com/annonce/moutons/mouton-4767940","Mouton","90 000 CFA","Niaga, Sénégal","https://images.coinafrique.com/thumb_4995716_uploaded_image1_1729028654.jpg"
"1752457326-147","https://sn.coinafrique.com/categorie/moutons?page=2","Mouton","https://sn.coinafrique.com/annonce/moutons/mouton-4769840","Mouton","125 000 CFA","Gassane, Sénégal","https://images.coinafrique.com/thumb_4769840_uploaded_image1_1717055825.jpg"
"1752457328-148","https://sn.coinafrique.com/categorie/moutons?page=2","Moutons","https://sn.coinafrique.com/annonce/moutons/moutons-4773721","Moutons","120 000 CFA","Dakar, Sénégal","https://images.coinafrique.com/thumb_5344061_uploaded_image1_1748118408.jpg"
"1752457332-149","https://sn.coinafrique.com/categorie/moutons?page=2","Moutons de Tabaski","https://sn.coinafrique.com/annonce/moutons/moutons-de-tabaski-4777233","Moutons de Tabaski","320 CFA","Guediawaye, Dakar, Sénégal","https://images.coinafrique.com/thumb_5316393_uploaded_image1_1746633254.jpg"
"1752457335-150","https://sn.coinafrique.com/categorie/moutons?page=2","Mouton","https://sn.coinafrique.com/annonce/moutons/mouton-4777249","Mouton","275 000 CFA","Mbao, Dakar, Sénégal","https://images.coinafrique.com/thumb_5334872_uploaded_image1_1747644353.jpg"
"1752457338-151","https://sn.coinafrique.com/categorie/moutons?page=2","Mouton Azawat","https://sn.coinafrique.com/annonce/moutons/mouton-azawat-4780599","Mouton Azawat","160 000 CFA","Hann Bel-Air, Dakar, Sénégal","https://images.coinafrique.com/thumb_4780599_uploaded_image1_1717584331.jpg"
"1752457342-152","https://sn.coinafrique.com/categorie/moutons?page=2","Mouton","https://sn.coinafrique.com/annonce/moutons/mouton-4787368","Mouton","195 000 CFA","Ouest Foire, Dakar, Sénégal","https://images.coinafrique.com/thumb_4787368_uploaded_image1_1717940799.jpg"
"1752457345-153","https://sn.coinafrique.com/categorie/moutons?page=2","Mouton","https://sn.coinafrique.com/annonce/moutons/mouton-4787372","Mouton","350 000 CFA","Parcelle Assainies, Dakar, Sénégal","https://images.coinafrique.com/thumb_5348484_uploaded_image1_1748376667.jpg"
"1752457348-154","https://sn.coinafrique.com/categorie/moutons?page=2","Bélier","https://sn.coinafrique.com/annonce/moutons/belier-4788927","Bélier","300 CFA","Guediawaye, Dakar, Sénégal","https://images.coinafrique.com/thumb_5179070_uploaded_image1_1739194872.jpg"
"1752457351-155","https://sn.coinafrique.com/categorie/moutons?page=2","Mouton","https://sn.coinafrique.com/annonce/moutons/mouton-4789672","Mouton","270 000 CFA","Grand Dakar, Dakar, Sénégal","https://images.coinafrique.com/thumb_4789672_uploaded_image1_1718065178.jpg"
"1752457354-156","https://sn.coinafrique.com/categorie/moutons?page=2","Moutons","https://sn.coinafrique.com/annonce/moutons/moutons-4792297","Moutons","320 CFA","Guediawaye, Dakar, Sénégal","https://images.coinafrique.com/thumb_5349513_uploaded_image1_1748440101.jpg"
"1752457357-157","https://sn.coinafrique.com/categorie/moutons?page=2","Mouton","https://sn.coinafrique.com/annonce/moutons/mouton-4795886","Mouton","150 CFA","Guediawaye, Dakar, Sénégal","https://images.coinafrique.com/thumb_5349513_uploaded_image1_1748440101.jpg"
"1752457361-158","https://sn.coinafrique.com/categorie/moutons?page=2","Mouton ladoum","https://sn.coinafrique.com/annonce/moutons/mouton-ladoum-4754458","Mouton ladoum","Prix sur demande","Point E, Dakar, Sénégal","https://images.coinafrique.com/thumb_4754458_uploaded_image1_1716290235.jpg"
"1752457364-159","https://sn.coinafrique.com/categorie/moutons?page=2","Foin","https://sn.coinafrique.com/annonce/moutons/foin-4807498","Foin","4 700 CFA","Keur Massar, Sénégal","https://images.coinafrique.com/thumb_4807498_uploaded_image1_1719210756.jpg"
"1752457367-160","https://sn.coinafrique.com/categorie/moutons?page=2","Mouton tabaski Azawat","https://sn.coinafrique.com/annonce/moutons/mouton-tabaski-azawat-4785420","Mouton tabaski Azawat","265 000 CFA","Mbao, Dakar, Sénégal","https://images.coinafrique.com/thumb_4785420_uploaded_image1_1717796700.jpg"
"1752457372-161","https://sn.coinafrique.com/categorie/moutons?page=2","Mouton","https://sn.coinafrique.com/annonce/moutons/mouton-4785428","Mouton","170 000 CFA","Mbao, Dakar, Sénégal","https://images.coinafrique.com/thumb_5334872_uploaded_image1_1747644353.jpg"
"1752457377-162","https://sn.coinafrique.com/categorie/moutons?page=2","Mouton Tabaski","https://sn.coinafrique.com/annonce/moutons/mouton-tabaski-4785437","Mouton Tabaski","250 000 CFA","Mbao, Dakar, Sénégal","https://images.coinafrique.com/thumb_5334872_uploaded_image1_1747644353.jpg"
"1752457381-163","https://sn.coinafrique.com/categorie/moutons?page=2","Mouton","https://sn.coinafrique.com/annonce/moutons/mouton-4794035","Mouton","225 000 CFA","Mbao, Dakar, Sénégal","https://images.coinafrique.com/thumb_5334872_uploaded_image1_1747644353.jpg"
"1752457385-164","https://sn.coinafrique.com/categorie/moutons?page=2","Mouton tabaski","https://sn.coinafrique.com/annonce/moutons/mouton-tabaski-4786370","Mouton tabaski","250 000 CFA","Mbao, Dakar, Sénégal","https://images.coinafrique.com/thumb_5334872_uploaded_image1_1747644353.jpg"
"1752457389-165","https://sn.coinafrique.com/categorie/moutons?page=2","Mouton","https://sn.coinafrique.com/annonce/moutons/mouton-4794716","Mouton","225 000 CFA","Mbao, Dakar, Sénégal","https://images.coinafrique.com/thumb_5334872_uploaded_image1_1747644353.jpg"
"1752457392-166","https://sn.coinafrique.com/categorie/moutons?page=2","Mouton","https://sn.coinafrique.com/annonce/moutons/mouton-4789073","Mouton","160 000 CFA","Mbao, Dakar, Sénégal","https://images.coinafrique.com/thumb_5334872_uploaded_image1_1747644353.jpg"
"1752457395-167","https://sn.coinafrique.com/categorie/moutons?page=2","Mouton Ladoum","https://sn.coinafrique.com/annonce/moutons/mouton-ladoum-4840583","Mouton Ladoum","Prix sur demande","Sicap Liberté, Dakar, Sénégal","https://images.coinafrique.com/thumb_4840583_uploaded_image1_1720818332.jpg"
"1752457398-168","https://sn.coinafrique.com/categorie/moutons?page=2","Femelle Ladoum","https://sn.coinafrique.com/annonce/moutons/femelle-ladoum-4848659","Femelle Ladoum","400 000 CFA","Mbao, Dakar, Sénégal","https://images.coinafrique.com/thumb_4969224_uploaded_image1_1727728741.jpg"
"1752457408-169","https://sn.coinafrique.com/categorie/moutons?page=1","Femelle ladoum noir et blanc","https://sn.coinafrique.com/annonce/moutons/femelle-ladoum-noir-et-blanc-4852565","Femelle ladoum noir et blanc","400 000 CFA","Mbao, Dakar, Sénégal","https://images.coinafrique.com/thumb_4852565_uploaded_image1_1721485586.jpg"
"1752457412-170","https://sn.coinafrique.com/categorie/moutons?page=1","Mouton","https://sn.coinafrique.com/annonce/moutons/mouton-4853595","Mouton","Prix sur demande","Niaga, Sénégal","https://images.coinafrique.com/thumb_4995716_uploaded_image1_1729028654.jpg"
"1752457414-171","https://sn.coinafrique.com/categorie/moutons?page=1","Mouton","https://sn.coinafrique.com/annonce/moutons/mouton-4879970","Mouton","75 000 CFA","Yoff, Dakar, Sénégal","https://images.coinafrique.com/thumb_4879970_uploaded_image1_1722945913.jpg"
"1752457416-172","https://sn.coinafrique.com/categorie/moutons?page=1","Ladoum Mix","https://sn.coinafrique.com/annonce/moutons/ladoum-mix-4885680","Ladoum Mix","250 000 CFA","Ouakam, Dakar, Sénégal","https://images.coinafrique.com/thumb_4885680_uploaded_image1_1723205050.jpg"
"1752457419-173","https://sn.coinafrique.com/categorie/moutons?page=1","Mouton Ladoum","https://sn.coinafrique.com/annonce/moutons/mouton-ladoum-4905476","Mouton Ladoum","350 000 CFA","Mbour, Sénégal","https://images.coinafrique.com/thumb_4905476_uploaded_image1_1724281103.jpg"
"1752457423-174","https://sn.coinafrique.com/categorie/moutons?page=1","Mouton Ladoum","https://sn.coinafrique.com/annonce/moutons/mouton-ladoum-4931367","Mouton Ladoum","800 000 CFA","Dieuppeul-Derklé, Dakar, Sénégal","https://images.coinafrique.com/thumb_4931367_uploaded_image1_1725633697.jpg"
"1752457426-175","https://sn.coinafrique.com/categorie/moutons?page=1","Landoum pur","https://sn.coinafrique.com/annonce/moutons/landoum-pur-4948067","Landoum pur","1 200 000 CFA","Dakar, Sénégal","https://images.coinafrique.com/thumb_4948067_uploaded_image1_1726569636.jpg"
"1752457432-176","https://sn.coinafrique.com/categorie/moutons?page=1","Femelle Ladoume","https://sn.coinafrique.com/annonce/moutons/femelle-ladoume-4961186","Femelle Ladoume","200 000 CFA","Sicap Liberté, Dakar, Sénégal","https://images.coinafrique.com/thumb_4961186_uploaded_image1_1727261381.jpg"
"1752457436-177","https://sn.coinafrique.com/categorie/moutons?page=1","Mouton Ladoum","https://sn.coinafrique.com/annonce/moutons/mouton-ladoum-4969219","Mouton Ladoum","650 000 CFA","Mbao, Dakar, Sénégal","https://images.coinafrique.com/thumb_4969224_uploaded_image1_1727728741.jpg"
"1752457439-178","https://sn.coinafrique.com/categorie/moutons?page=1","Mouton Ladoum","https://sn.coinafrique.com/annonce/moutons/mouton-ladoum-4969221","Mouton Ladoum","350 000 CFA","Mbao, Dakar, Sénégal","https://images.coinafrique.com/thumb_4969224_uploaded_image1_1727728741.jpg"
"1752457442-179","https://sn.coinafrique.com/categorie/moutons?page=1","Mouton Ladoum","https://sn.coinafrique.com/annonce/moutons/mouton-ladoum-4969224","Mouton Ladoum","350 000 CFA","Mbao, Dakar, Sénégal","https://images.coinafrique.com/thumb_4969224_uploaded_image1_1727728741.jpg"
"1752457445-180","https://sn.coinafrique.com/categorie/moutons?page=1","Mouton","https://sn.coinafrique.com/annonce/moutons/mouton-4995716","Mouton","150 000 CFA","Niaga, Sénégal","https://images.coinafrique.com/thumb_4995716_uploaded_image1_1729028654.jpg"
"1752457447-181","https://sn.coinafrique.com/categorie/moutons?page=1","Mouton Ladoum","https://sn.coinafrique.com/annonce/moutons/mouton-ladoum-5026478","Mouton Ladoum","1 000 000 CFA","Rufisque, Sénégal","https://images.coinafrique.com/thumb_5362962_uploaded_image1_1749209010.jpg"
"1752457450-182","https://sn.coinafrique.com/categorie/moutons?page=1","Mouton Ladoum","https://sn.coinafrique.com/annonce/moutons/mouton-ladoum-5026510","Mouton Ladoum","500 000 CFA","Rufisque, Sénégal","https://images.coinafrique.com/thumb_5362962_uploaded_image1_1749209010.jpg"
"1752457453-183","https://sn.coinafrique.com/categorie/moutons?page=1","Mouton","https://sn.coinafrique.com/annonce/moutons/mouton-5090703","Mouton","140 000 CFA","Guediawaye, Dakar, Sénégal","https://images.coinafrique.com/thumb_5349513_uploaded_image1_1748440101.jpg"
"1752457456-184","https://sn.coinafrique.com/categorie/moutons?page=1","Mouton","https://sn.coinafrique.com/annonce/moutons/mouton-5114762","Mouton","180 000 CFA","Guediawaye, Dakar, Sénégal","https://images.coinafrique.com/thumb_5349513_uploaded_image1_1748440101.jpg"
"1752457459-185","https://sn.coinafrique.com/categorie/moutons?page=1","Mouton Ladoum","https://sn.coinafrique.com/annonce/moutons/mouton-ladoum-5114763","Mouton Ladoum","1 000 000 CFA","Guediawaye, Dakar, Sénégal","https://images.coinafrique.com/thumb_5311454_uploaded_image1_1746381105.jpg"
"1752457462-186","https://sn.coinafrique.com/categorie/moutons?page=1","Mouton Ladoum","https://sn.coinafrique.com/annonce/moutons/mouton-ladoum-5144166","Mouton Ladoum","375 000 CFA","Parcelle Assainies, Dakar, Sénégal","https://images.coinafrique.com/thumb_5144166_uploaded_image1_1737393386.jpg"
"1752457465-187","https://sn.coinafrique.com/categorie/moutons?page=1","Mouton","https://sn.coinafrique.com/annonce/moutons/mouton-5159269","Mouton","180 000 CFA","Guediawaye, Dakar, Sénégal","https://images.coinafrique.com/thumb_5349513_uploaded_image1_1748440101.jpg"
"1752457468-188","https://sn.coinafrique.com/categorie/moutons?page=1","Mouton","https://sn.coinafrique.com/annonce/moutons/mouton-5164450","Mouton","200 000 CFA","Biscuiterie, Dakar, Sénégal","https://images.coinafrique.com/thumb_5414666_uploaded_image1_1752063077.jpg"
"1752457472-189","https://sn.coinafrique.com/categorie/moutons?page=1","Bélier","https://sn.coinafrique.com/annonce/moutons/belier-5179070","Bélier","225 000 CFA","Guediawaye, Dakar, Sénégal","https://images.coinafrique.com/thumb_5179070_uploaded_image1_1739194872.jpg"
"1752457475-190","https://sn.coinafrique.com/categorie/moutons?page=1","Ladoum","https://sn.coinafrique.com/annonce/moutons/ladoum-5179072","Ladoum","750 000 CFA","Guediawaye, Dakar, Sénégal","https://images.coinafrique.com/thumb_5311454_uploaded_image1_1746381105.jpg"
"1752457478-191","https://sn.coinafrique.com/categorie/moutons?page=1","Mouton Ladoum","https://sn.coinafrique.com/annonce/moutons/mouton-ladoum-5187749","Mouton Ladoum","300 000 CFA","Diourbel, Sénégal","https://images.coinafrique.com/thumb_5187810_uploaded_image1_1739676570.jpg"
"1752457481-192","https://sn.coinafrique.com/categorie/moutons?page=1","Mouton Ladoum","https://sn.coinafrique.com/annonce/moutons/mouton-ladoum-5187761","Mouton Ladoum","300 000 CFA","Diourbel, Sénégal","https://images.coinafrique.com/thumb_5187810_uploaded_image1_1739676570.jpg"
"1752457484-193","https://sn.coinafrique.com/categorie/moutons?page=1","Mouton Ladoum","https://sn.coinafrique.com/annonce/moutons/mouton-ladoum-5187800","Mouton Ladoum","300 000 CFA","Diourbel, Sénégal","https://images.coinafrique.com/thumb_5187810_uploaded_image1_1739676570.jpg"
"1752457487-194","https://sn.coinafrique.com/categorie/moutons?page=1","Mouton Ladoum","https://sn.coinafrique.com/annonce/moutons/mouton-ladoum-5187810","Mouton Ladoum","300 000 CFA","Diourbel, Sénégal","https://images.coinafrique.com/thumb_5187810_uploaded_image1_1739676570.jpg"
"1752457490-195","https://sn.coinafrique.com/categorie/moutons?page=1","Mouton","https://sn.coinafrique.com/annonce/moutons/mouton-5196554","Mouton","325 000 CFA","Guediawaye, Dakar, Sénégal","https://images.coinafrique.com/thumb_5349513_uploaded_image1_1748440101.jpg"
"1752457493-196","https://sn.coinafrique.com/categorie/moutons?page=1","Mouton","https://sn.coinafrique.com/annonce/moutons/mouton-5196558","Mouton","350 000 CFA","Guediawaye, Dakar, Sénégal","https://images.coinafrique.com/thumb_5349513_uploaded_image1_1748440101.jpg"
"1752457496-197","https://sn.coinafrique.com/categorie/moutons?page=1","Mouton","https://sn.coinafrique.com/annonce/moutons/mouton-5200965","Mouton","300 000 CFA","Keur Massar, Sénégal","https://images.coinafrique.com/thumb_5362037_uploaded_image1_1749137690.jpg"
"1752457499-198","https://sn.coinafrique.com/categorie/moutons?page=1","Mouton","https://sn.coinafrique.com/annonce/moutons/mouton-5228913","Mouton","350 000 CFA","Guediawaye, Dakar, Sénégal","https://images.coinafrique.com/thumb_5349513_uploaded_image1_1748440101.jpg"
"1752457502-199","https://sn.coinafrique.com/categorie/moutons?page=1","Mouton de race","https://sn.coinafrique.com/annonce/moutons/mouton-de-race-5228921","Mouton de race","350 000 CFA","Guediawaye, Dakar, Sénégal","https://images.coinafrique.com/thumb_5333365_uploaded_image1_1747518081.jpg"
"1752457505-200","https://sn.coinafrique.com/categorie/moutons?page=1","Mouton","https://sn.coinafrique.com/annonce/moutons/mouton-5234191","Mouton","350 000 CFA","Guediawaye, Dakar, Sénégal","https://images.coinafrique.com/thumb_5349513_uploaded_image1_1748440101.jpg"
"1752457508-201","https://sn.coinafrique.com/categorie/moutons?page=1","Mouton","https://sn.coinafrique.com/annonce/moutons/mouton-5241794","Mouton","150 CFA","Bambey, Sénégal","https://images.coinafrique.com/thumb_5282919_uploaded_image1_1744724394.jpg"
"1752457512-202","https://sn.coinafrique.com/categorie/moutons?page=1","Mouton","https://sn.coinafrique.com/annonce/moutons/mouton-5242287","Mouton","350 000 CFA","Bambey, Sénégal","https://images.coinafrique.com/thumb_5282919_uploaded_image1_1744724394.jpg"
"1752457516-203","https://sn.coinafrique.com/categorie/moutons?page=1","Mouton","https://sn.coinafrique.com/annonce/moutons/mouton-5245223","Mouton","350 CFA","Bambey, Sénégal","https://images.coinafrique.com/thumb_5282919_uploaded_image1_1744724394.jpg"
"1752457521-204","https://sn.coinafrique.com/categorie/moutons?page=1","Mouton","https://sn.coinafrique.com/annonce/moutons/mouton-5282919","Mouton","450 000 CFA","Bambey, Sénégal","https://images.coinafrique.com/thumb_5282919_uploaded_image1_1744724394.jpg"
"1752457525-205","https://sn.coinafrique.com/categorie/moutons?page=1","Mouton","https://sn.coinafrique.com/annonce/moutons/mouton-5284283","Mouton","300 000 CFA","Pikine, Sénégal","https://images.coinafrique.com/thumb_5358627_uploaded_image1_1748961442.jpg"
"1752457530-206","https://sn.coinafrique.com/categorie/moutons?page=1","Mouton","https://sn.coinafrique.com/annonce/moutons/mouton-5288284","Mouton","150 000 CFA","Dieuppeul-Derklé, Dakar, Sénégal","https://images.coinafrique.com/thumb_5288288_uploaded_image1_1744995144.jpg"
"1752457533-207","https://sn.coinafrique.com/categorie/moutons?page=1","Mouton","https://sn.coinafrique.com/annonce/moutons/mouton-5288288","Mouton","80 000 CFA","Dieuppeul-Derklé, Dakar, Sénégal","https://images.coinafrique.com/thumb_5288288_uploaded_image1_1744995144.jpg"
"1752457536-208","https://sn.coinafrique.com/categorie/moutons?page=1","Mouton de tabaski","https://sn.coinafrique.com/annonce/moutons/mouton-de-tabaski-5289055","Mouton de tabaski","350 CFA","Guediawaye, Dakar, Sénégal","https://images.coinafrique.com/thumb_5316393_uploaded_image1_1746633254.jpg"
"1752457539-209","https://sn.coinafrique.com/categorie/moutons?page=1","Mouton de tabaski","https://sn.coinafrique.com/annonce/moutons/mouton-de-tabaski-5289057","Mouton de tabaski","400 CFA","Guediawaye, Dakar, Sénégal","https://images.coinafrique.com/thumb_5316393_uploaded_image1_1746633254.jpg"
"1752457542-210","https://sn.coinafrique.com/categorie/moutons?page=1","Mouton Toubaberr","https://sn.coinafrique.com/annonce/moutons/mouton-toubaberr-5271542","Mouton Toubaberr","105 000 CFA","Guediawaye, Dakar, Sénégal","https://images.coinafrique.com/thumb_5271542_uploaded_image1_1744106341.jpg"
"1752457546-211","https://sn.coinafrique.com/categorie/moutons?page=1","Mouton","https://sn.coinafrique.com/annonce/moutons/mouton-5302020","Mouton","375 000 CFA","Guediawaye, Dakar, Sénégal","https://images.coinafrique.com/thumb_5349513_uploaded_image1_1748440101.jpg"
"1752457549-212","https://sn.coinafrique.com/categorie/moutons?page=1","Mouton","https://sn.coinafrique.com/annonce/moutons/mouton-5302025","Mouton","375 000 CFA","Guediawaye, Dakar, Sénégal","https://images.coinafrique.com/thumb_5349513_uploaded_image1_1748440101.jpg"
"1752457552-213","https://sn.coinafrique.com/categorie/moutons?page=1","Mouton","https://sn.coinafrique.com/annonce/moutons/mouton-5311222","Mouton","500 000 CFA","Pikine, Sénégal","https://images.coinafrique.com/thumb_5358627_uploaded_image1_1748961442.jpg"
"1752457555-214","https://sn.coinafrique.com/categorie/moutons?page=1","Mouton Ladoum","https://sn.coinafrique.com/annonce/moutons/mouton-ladoum-5311435","Mouton Ladoum","600 000 CFA","Guediawaye, Dakar, Sénégal","https://images.coinafrique.com/thumb_5311454_uploaded_image1_1746381105.jpg"
"1752457559-215","https://sn.coinafrique.com/categorie/moutons?page=1","Mouton Ladoum","https://sn.coinafrique.com/annonce/moutons/mouton-ladoum-5311454","Mouton Ladoum","Prix sur demande","Guediawaye, Dakar, Sénégal","https://images.coinafrique.com/thumb_5311454_uploaded_image1_1746381105.jpg"
"1752457562-216","https://sn.coinafrique.com/categorie/moutons?page=1","Mouton de tabaski","https://sn.coinafrique.com/annonce/moutons/mouton-de-tabaski-5311812","Mouton de tabaski","300 000 CFA","Pikine, Sénégal","https://images.coinafrique.com/thumb_5332022_uploaded_image1_1747430217.jpg"
"1752457564-217","https://sn.coinafrique.com/categorie/moutons?page=1","Mouton de tabaski","https://sn.coinafrique.com/annonce/moutons/mouton-de-tabaski-5316323","Mouton de tabaski","350 000 CFA","Guediawaye, Dakar, Sénégal","https://images.coinafrique.com/thumb_5316393_uploaded_image1_1746633254.jpg"
"1752457567-218","https://sn.coinafrique.com/categorie/moutons?page=1","Mouton de tabaski","https://sn.coinafrique.com/annonce/moutons/mouton-de-tabaski-5316327","Mouton de tabaski","325 000 CFA","Guediawaye, Dakar, Sénégal","https://images.coinafrique.com/thumb_5316393_uploaded_image1_1746633254.jpg"
"1752457570-219","https://sn.coinafrique.com/categorie/moutons?page=1","Mouton de tabaski","https://sn.coinafrique.com/annonce/moutons/mouton-de-tabaski-5316393","Mouton de tabaski","325 000 CFA","Guediawaye, Dakar, Sénégal","https://images.coinafrique.com/thumb_5316393_uploaded_image1_1746633254.jpg"
"1752457574-220","https://sn.coinafrique.com/categorie/moutons?page=1","Mouton Ladoum","https://sn.coinafrique.com/annonce/moutons/mouton-ladoum-5321660","Mouton Ladoum","550 000 CFA","Keur Massar, Sénégal","https://images.coinafrique.com/thumb_5321660_uploaded_image1_1746897337.jpg"
"1752457577-221","https://sn.coinafrique.com/categorie/moutons?page=1","Mouton domestique","https://sn.coinafrique.com/annonce/moutons/mouton-domestique-5321937","Mouton domestique","450 000 CFA","Dakar, Sénégal","https://images.coinafrique.com/thumb_5321937_uploaded_image1_1746913937.jpg"
"1752457580-222","https://sn.coinafrique.com/categorie/moutons?page=1","Mouton Ladoum","https://sn.coinafrique.com/annonce/moutons/mouton-ladoum-5328631","Mouton Ladoum","850 000 CFA","Medina, Dakar, Sénégal","https://images.coinafrique.com/thumb_5334036_uploaded_image1_1747578346.jpg"
"1752457585-223","https://sn.coinafrique.com/categorie/moutons?page=1","Mouton","https://sn.coinafrique.com/annonce/moutons/mouton-5331651","Mouton","165 000 CFA","Mariste, Dakar, Sénégal","https://images.coinafrique.com/thumb_5331651_uploaded_image1_1747411805.jpg"
"1752457588-224","https://sn.coinafrique.com/categorie/moutons?page=1","Mouton de tabaski","https://sn.coinafrique.com/annonce/moutons/mouton-de-tabaski-5332007","Mouton de tabaski","600 000 CFA","Pikine, Sénégal","https://images.coinafrique.com/thumb_5332022_uploaded_image1_1747430217.jpg"
"1752457592-225","https://sn.coinafrique.com/categorie/moutons?page=1","Mouton de tabaski","https://sn.coinafrique.com/annonce/moutons/mouton-de-tabaski-5332009","Mouton de tabaski","600 000 CFA","Pikine, Sénégal","https://images.coinafrique.com/thumb_5332022_uploaded_image1_1747430217.jpg"
"1752457596-226","https://sn.coinafrique.com/categorie/moutons?page=1","Mouton de tabaski","https://sn.coinafrique.com/annonce/moutons/mouton-de-tabaski-5332022","Mouton de tabaski","600 000 CFA","Pikine, Sénégal","https://images.coinafrique.com/thumb_5332022_uploaded_image1_1747430217.jpg"
"1752457600-227","https://sn.coinafrique.com/categorie/moutons?page=1","Mouton de race","https://sn.coinafrique.com/annonce/moutons/mouton-de-race-5333364","Mouton de race","350 000 CFA","Guediawaye, Dakar, Sénégal","https://images.coinafrique.com/thumb_5333365_uploaded_image1_1747518081.jpg"
"1752457605-228","https://sn.coinafrique.com/categorie/moutons?page=1","Mouton de race","https://sn.coinafrique.com/annonce/moutons/mouton-de-race-5333365","Mouton de race","350 000 CFA","Guediawaye, Dakar, Sénégal","https://images.coinafrique.com/thumb_5333365_uploaded_image1_1747518081.jpg"
"1752457609-229","https://sn.coinafrique.com/categorie/moutons?page=1","Mouton Ladoum","https://sn.coinafrique.com/annonce/moutons/mouton-ladoum-5334036","Mouton Ladoum","800 000 CFA","Medina, Dakar, Sénégal","https://images.coinafrique.com/thumb_5334036_uploaded_image1_1747578346.jpg"
"1752457612-230","https://sn.coinafrique.com/categorie/moutons?page=1","Mouton","https://sn.coinafrique.com/annonce/moutons/mouton-5334867","Mouton","190 000 CFA","Mbao, Dakar, Sénégal","https://images.coinafrique.com/thumb_5334872_uploaded_image1_1747644353.jpg"
"1752457616-231","https://sn.coinafrique.com/categorie/moutons?page=1","Mouton","https://sn.coinafrique.com/annonce/moutons/mouton-5334872","Mouton","275 000 CFA","Mbao, Dakar, Sénégal","https://images.coinafrique.com/thumb_5334872_uploaded_image1_1747644353.jpg"
"1752457619-232","https://sn.coinafrique.com/categorie/moutons?page=1","Mouton","https://sn.coinafrique.com/annonce/moutons/mouton-5337516","Mouton","350 000 CFA","Parcelle Assainies, Dakar, Sénégal","https://images.coinafrique.com/thumb_5348484_uploaded_image1_1748376667.jpg"
"1752457622-233","https://sn.coinafrique.com/categorie/moutons?page=1","Mouton","https://sn.coinafrique.com/annonce/moutons/mouton-5342588","Mouton","600 CFA","Ouakam, Dakar, Sénégal","https://images.coinafrique.com/thumb_5416626_uploaded_image1_1752150844.jpg"
"1752457625-234","https://sn.coinafrique.com/categorie/moutons?page=1","Moutons","https://sn.coinafrique.com/annonce/moutons/moutons-5342599","Moutons","225 000 CFA","Ouakam, Dakar, Sénégal","https://images.coinafrique.com/thumb_5416626_uploaded_image1_1752150844.jpg"
"1752457628-235","https://sn.coinafrique.com/categorie/moutons?page=1","Moutons","https://sn.coinafrique.com/annonce/moutons/moutons-5344061","Moutons","100 000 CFA","Dakar, Sénégal","https://images.coinafrique.com/thumb_5344061_uploaded_image1_1748118408.jpg"
"1752457631-236","https://sn.coinafrique.com/categorie/moutons?page=1","Mouton de tabaski","https://sn.coinafrique.com/annonce/moutons/mouton-de-tabaski-5344147","Mouton de tabaski","100 000 CFA","Keur Massar, Sénégal","https://images.coinafrique.com/thumb_5344147_uploaded_image1_1748126098.jpg"
"1752457634-237","https://sn.coinafrique.com/categorie/moutons?page=1","Mouton Azawate","https://sn.coinafrique.com/annonce/moutons/mouton-azawate-5344575","Mouton Azawate","150 000 CFA","Sicap Liberté, Dakar, Sénégal","https://images.coinafrique.com/thumb_5344575_uploaded_image1_1748175550.jpg"
"1752457637-238","https://sn.coinafrique.com/categorie/moutons?page=1","Mouton ladoum","https://sn.coinafrique.com/annonce/moutons/mouton-ladoum-5344681","Mouton ladoum","600 000 CFA","Dakar Plateau, Dakar, Sénégal","https://images.coinafrique.com/thumb_5344681_uploaded_image1_1748183751.jpg"
"1752457639-239","https://sn.coinafrique.com/categorie/moutons?page=1","Mouton","https://sn.coinafrique.com/annonce/moutons/mouton-5344905","Mouton","250 000 CFA","Ouakam, Dakar, Sénégal","https://images.coinafrique.com/thumb_5416626_uploaded_image1_1752150844.jpg"
"1752457643-240","https://sn.coinafrique.com/categorie/moutons?page=1","Mouton","https://sn.coinafrique.com/annonce/moutons/mouton-5347115","Mouton","180 000 CFA","Keur Massar, Sénégal","https://images.coinafrique.com/thumb_5362037_uploaded_image1_1749137690.jpg"
"1752457645-241","https://sn.coinafrique.com/categorie/moutons?page=1","Mouton","https://sn.coinafrique.com/annonce/moutons/mouton-5348484","Mouton","Prix sur demande","Parcelle Assainies, Dakar, Sénégal","https://images.coinafrique.com/thumb_5348484_uploaded_image1_1748376667.jpg"
"1752457649-242","https://sn.coinafrique.com/categorie/moutons?page=1","Moutons","https://sn.coinafrique.com/annonce/moutons/moutons-5349203","Moutons","195 000 CFA","Grand Yoff, Dakar, Sénégal","https://images.coinafrique.com/thumb_5349203_uploaded_image1_1748427888.jpg"
"1752457652-243","https://sn.coinafrique.com/categorie/moutons?page=1","Mouton","https://sn.coinafrique.com/annonce/moutons/mouton-5349513","Mouton","225 000 CFA","Guediawaye, Dakar, Sénégal","https://images.coinafrique.com/thumb_5349513_uploaded_image1_1748440101.jpg"
"1752457655-244","https://sn.coinafrique.com/categorie/moutons?page=1","Mouton de tabaski","https://sn.coinafrique.com/annonce/moutons/mouton-de-tabaski-5351264","Mouton de tabaski","200 000 CFA","Ouakam, Dakar, Sénégal","https://images.coinafrique.com/thumb_5351264_uploaded_image1_1748542637.jpg"
"1752457658-245","https://sn.coinafrique.com/categorie/moutons?page=1","Mouton Ladoum","https://sn.coinafrique.com/annonce/moutons/mouton-ladoum-5355058","Mouton Ladoum","500 CFA","Thies, Sénégal","https://images.coinafrique.com/thumb_5355058_uploaded_image1_1748800702.jpg"
"1752457661-246","https://sn.coinafrique.com/categorie/moutons?page=1","Mouton","https://sn.coinafrique.com/annonce/moutons/mouton-5358627","Mouton","300 000 CFA","Pikine, Sénégal","https://images.coinafrique.com/thumb_5358627_uploaded_image1_1748961442.jpg"
"1752457664-247","https://sn.coinafrique.com/categorie/moutons?page=1","Mouton","https://sn.coinafrique.com/annonce/moutons/mouton-5362037","Mouton","130 000 CFA","Keur Massar, Sénégal","https://images.coinafrique.com/thumb_5362037_uploaded_image1_1749137690.jpg"
"1752457668-248","https://sn.coinafrique.com/categorie/moutons?page=1","Mouton Ladoum","https://sn.coinafrique.com/annonce/moutons/mouton-ladoum-5362962","Mouton Ladoum","450 000 CFA","Rufisque, Sénégal","https://images.coinafrique.com/thumb_5362962_uploaded_image1_1749209010.jpg"
"1752457671-249","https://sn.coinafrique.com/categorie/moutons?page=1","Ladoum Azowate","https://sn.coinafrique.com/annonce/moutons/ladoum-azowate-5390051","Ladoum Azowate","125 000 CFA","Ouakam, Dakar, Sénégal","https://images.coinafrique.com/thumb_5416626_uploaded_image1_1752150844.jpg"
"1752457674-250","https://sn.coinafrique.com/categorie/moutons?page=1","Mouton","https://sn.coinafrique.com/annonce/moutons/mouton-5401936","Mouton","800 000 CFA","Rufisque, Sénégal","https://images.coinafrique.com/thumb_5401936_uploaded_image1_1751443255.jpg"
"1752457677-251","https://sn.coinafrique.com/categorie/moutons?page=1","Mouton ladoum","https://sn.coinafrique.com/annonce/moutons/mouton-ladoum-5414666","Mouton ladoum","1 200 000 CFA","Biscuiterie, Dakar, Sénégal","https://images.coinafrique.com/thumb_5414666_uploaded_image1_1752063077.jpg"
"1752457680-252","https://sn.coinafrique.com/categorie/moutons?page=1","Mouton  ladoum","https://sn.coinafrique.com/annonce/moutons/mouton-ladoum-5416626","Mouton  ladoum","100 000 CFA","Ouakam, Dakar, Sénégal","https://images.coinafrique.com/thumb_5416626_uploaded_image1_1752150844.jpg"
